AppID;Name;Publisher;Owners;Price;Discount;Tags;Genres;Languages;CCU;ScoreRank;AvgPlaytimeForever;AvgPlaytime2Weeks
2100;Dark Messiah of Might & Magic;Ubisoft;1,000,000 .. 2,000,000;2,49 USD;75%;;;;100;0;579;0
2450;Bloody Good Time;Ubisoft;100,000 .. 200,000;0,99 USD;80%;;;;2;0;337;0
3300;Bejeweled 2 Deluxe;Electronic Arts;50,000 .. 100,000;0,99 USD;80%;;;;41;0;38;0
3310;Chuzzle Deluxe;Electronic Arts;100,000 .. 200,000;0,99 USD;80%;;;;90;0;403;0
3320;Insaniquarium Deluxe;Electronic Arts;500,000 .. 1,000,000;0,99 USD;80%;;;;101;0;200;0
3330;Zuma Deluxe;Electronic Arts;500,000 .. 1,000,000;0,99 USD;80%;;;;807;0;146;70
3350;Bejeweled Deluxe;Electronic Arts;50,000 .. 100,000;0,99 USD;80%;;;;13;0;158;0
3390;Feeding Frenzy 2 Deluxe;Electronic Arts;100,000 .. 200,000;0,99 USD;80%;;;;48;0;308;0
3480;Peggle Deluxe;Electronic Arts;500,000 .. 1,000,000;0,99 USD;80%;;;;288;0;164;0
3483;Peggle Extreme;Electronic Arts;200,000 .. 500,000;0,00 USD;0%;;;;19;0;320;0
3540;Peggle Nights;Electronic Arts;200,000 .. 500,000;0,99 USD;80%;;;;116;0;175;0
3560;Bejeweled Twist;Electronic Arts;50,000 .. 100,000;0,99 USD;80%;;;;20;0;0;0
3590;Plants vs. Zombies GOTY Edition;Electronic Arts;2,000,000 .. 5,000,000;4,99 USD;0%;;;;3080;0;1539;263
3620;Zuma's Revenge!;Electronic Arts;200,000 .. 500,000;0,99 USD;80%;;;;246;0;1465;0
4300;RoboBlitz;Ubisoft;20,000 .. 50,000;9,99 USD;0%;;;;0;0;3;0
6600;Bullet Candy;Electronic Arts;50,000 .. 100,000;3,99 USD;0%;;;;0;0;4;0
6870;Battlestations: Midway;Square Enix;500,000 .. 1,000,000;0,97 USD;86%;;;;9;0;96;0
6880;Just Cause;Square Enix;1,000,000 .. 2,000,000;0,97 USD;86%;;;;12;0;538;0
7010;Project: Snowblind;Square Enix;100,000 .. 200,000;0,89 USD;85%;;;;1;0;62;0
7110;Jade Empire: Special Edition;Electronic Arts;200,000 .. 500,000;3,74 USD;75%;;;;11;0;415;0
7200;Trackmania United Forever;Ubisoft;200,000 .. 500,000;14,99 USD;50%;;;;103;0;864;0
8080;Kane and Lynch: Dead Men;Square Enix;500,000 .. 1,000,000;0,00 USD;0%;;;;6;0;145;0
8100;Conflict: Denied Ops;Square Enix;100,000 .. 200,000;0,89 USD;85%;;;;1;0;20;0
8170;Battlestations Pacific;Square Enix;200,000 .. 500,000;0,00 USD;0%;;;;13;0;395;0
8190;Just Cause 2;Square Enix;2,000,000 .. 5,000,000;1,49 USD;90%;;;;165;0;2203;0
9350;Supreme Commander;Square Enix;500,000 .. 1,000,000;2,59 USD;80%;;;;95;0;1963;0
9420;Supreme Commander: Forged Alliance;Square Enix;1,000,000 .. 2,000,000;2,59 USD;80%;;;;1398;0;6174;503
11020;TrackMania Nations Forever;Ubisoft;2,000,000 .. 5,000,000;0,00 USD;0%;;;;304;0;395;38
11450;Overlord;Electronic Arts;500,000 .. 1,000,000;1,09 USD;78%;;;;58;0;309;0
11560;Maelstrom: The Battle for Earth Begins;Electronic Arts;20,000 .. 50,000;0,00 USD;0%;;;;1;0;0;0
11590;Hospital Tycoon;Electronic Arts;20,000 .. 50,000;0,00 USD;0%;;;;2;0;52;0
12710;Overlord: Raising Hell;Electronic Arts;500,000 .. 1,000,000;1,99 USD;80%;;;;56;0;256;0
12770;Rise of the Argonauts;Electronic Arts;200,000 .. 500,000;0,00 USD;0%;;;;0;0;196;0
12790;Damnation;Electronic Arts;100,000 .. 200,000;0,00 USD;0%;;;;0;0;20;0
12810;Overlord II;Electronic Arts;1,000,000 .. 2,000,000;1,99 USD;80%;;;;52;0;452;0
12830;Operation Flashpoint: Dragon Rising;Electronic Arts;500,000 .. 1,000,000;0,00 USD;0%;;;;10;0;488;0
12900;AudioSurf;Electronic Arts;1,000,000 .. 2,000,000;2,49 USD;75%;;;;17;0;293;0
13500;Prince of Persia: Warrior Within;Ubisoft;200,000 .. 500,000;1,99 USD;80%;;;;60;0;391;0
13520;Far Cry;Ubisoft;2,000,000 .. 5,000,000;2,99 USD;70%;;;;149;0;369;0
13530;Prince of Persia: The Two Thrones;Ubisoft;200,000 .. 500,000;1,99 USD;80%;;;;30;0;488;0
13540;Tom Clancy's Rainbow Six Vegas;Ubisoft;200,000 .. 500,000;2,49 USD;75%;;;;22;0;224;0
13560;Tom Clancy's Splinter Cell;Ubisoft;500,000 .. 1,000,000;2,49 USD;75%;;;;52;0;370;73
13570;Tom Clancy's Splinter Cell Chaos Theory;Ubisoft;500,000 .. 1,000,000;2,49 USD;75%;;;;65;0;600;0
13580;Tom Clancy's Splinter Cell Double Agent;Ubisoft;200,000 .. 500,000;2,49 USD;75%;;;;8;0;299;0
13600;Prince of Persia: The Sands of Time;Ubisoft;500,000 .. 1,000,000;1,99 USD;80%;;;;44;0;241;1
13620;Tom Clancy's Ghost Recon Desert Siege;Ubisoft;20,000 .. 50,000;1,24 USD;75%;;;;2;0;771;0
13630;Tom Clancy's Ghost Recon Island Thunder;Ubisoft;20,000 .. 50,000;1,24 USD;75%;;;;1;0;850;0
15000;Tom Clancy's Rainbow Six Lockdown;Ubisoft;200,000 .. 500,000;2,49 USD;75%;;;;1;0;441;0
15080;Rayman Raving Rabbids;Ubisoft;100,000 .. 200,000;2,49 USD;75%;;;;24;0;20;0
15100;Assassin's Creed: Director's Cut Edition;Ubisoft;1,000,000 .. 2,000,000;4,99 USD;75%;;;;311;0;536;131
15120;Tom Clancy's Rainbow Six Vegas 2;Ubisoft;500,000 .. 1,000,000;2,49 USD;75%;;;;52;0;756;0
15130;Beyond Good and Evil;Ubisoft;200,000 .. 500,000;0,00 USD;0%;;;;3;0;190;0
15170;Heroes of Might & Magic V;Ubisoft;500,000 .. 1,000,000;2,49 USD;75%;;;;357;0;872;0
15190;Brothers in Arms: Road to Hill 30;Ubisoft;200,000 .. 500,000;3,99 USD;60%;;;;31;0;265;0
15200;Silent Hunter: Wolves of the Pacific;Ubisoft;100,000 .. 200,000;2,49 USD;75%;;;;36;0;512;0
15210;Silent Hunter III;Ubisoft;200,000 .. 500,000;2,49 USD;75%;;;;54;0;3431;0
15240;Silent Hunter: Wolves of the Pacific U-Boat Missions;Ubisoft;50,000 .. 100,000;2,49 USD;75%;;;;12;0;140;0
15270;Cold Fear;Ubisoft;50,000 .. 100,000;1,99 USD;80%;;;;8;0;134;0
15300;Tom Clancy's Ghost Recon;Ubisoft;200,000 .. 500,000;2,99 USD;70%;;;;22;0;143;0
15370;Heroes of Might & Magic V: Tribes of the East;Ubisoft;200,000 .. 500,000;2,49 USD;75%;;;;156;0;793;0
15380;Heroes of Might & Magic V: Hammers of Fate;Ubisoft;50,000 .. 100,000;2,49 USD;75%;;;;24;0;3235;0
15390;Brothers in Arms: Hell's Highway;Ubisoft;200,000 .. 500,000;3,99 USD;60%;;;;17;0;536;0
17300;Crysis;Electronic Arts;1,000,000 .. 2,000,000;7,49 USD;75%;;;;19;0;695;0
17330;Crysis Warhead;Electronic Arts;1,000,000 .. 2,000,000;4,99 USD;75%;;;;17;0;265;0
17390;SPORE;Electronic Arts;2,000,000 .. 5,000,000;3,99 USD;80%;;;;1337;0;1280;0
17410;Mirror's Edge;Electronic Arts;2,000,000 .. 5,000,000;2,99 USD;85%;;;;137;0;357;11
17430;Need for Speed Undercover;Electronic Arts;1,000,000 .. 2,000,000;0,00 USD;0%;;;;29;0;579;0
17440;SPORE Creepy & Cute Parts Pack;Electronic Arts;200,000 .. 500,000;3,99 USD;80%;;;;27;0;173;0
17450;Dragon Age: Origins;Electronic Arts;500,000 .. 1,000,000;5,99 USD;80%;;;;20;0;1681;0
17460;Mass Effect (2007);Electronic Arts;1,000,000 .. 2,000,000;7,49 USD;75%;;;;47;0;1645;0
17470;Dead Space (2008);Electronic Arts;2,000,000 .. 5,000,000;7,99 USD;60%;;;;93;0;311;0
17480;Command & Conquer: Red Alert 3;Electronic Arts;1,000,000 .. 2,000,000;9,88 USD;0%;;;;679;0;2524;20
18040;DeathSpank;Electronic Arts;100,000 .. 200,000;2,99 USD;80%;;;;1;0;158;0
18050;DeathSpank: Thongs of Virtue;Electronic Arts;50,000 .. 100,000;2,99 USD;80%;;;;0;0;45;0
19680;Alice: Madness Returns;Electronic Arts;2,000,000 .. 5,000,000;0,99 USD;90%;;;;680;0;262;4
19800;Brothers in Arms: Earned in Blood;Ubisoft;100,000 .. 200,000;3,99 USD;60%;;;;22;0;89;0
19830;Tom Clancy's Rainbow Six 3 Gold;Ubisoft;200,000 .. 500,000;2,49 USD;75%;;;;24;0;37;0
19900;Far Cry 2;Ubisoft;1,000,000 .. 2,000,000;2,99 USD;70%;;;;217;0;507;38
19980;Prince of Persia;Ubisoft;200,000 .. 500,000;1,99 USD;80%;;;;32;0;159;0
21800;Tom Clancy's EndWar;Ubisoft;200,000 .. 500,000;2,99 USD;70%;;;;22;0;75;0
23300;Yosumin!;Square Enix;50,000 .. 100,000;2,39 USD;60%;;;;0;0;6;0
23310;The Last Remnant;Square Enix;500,000 .. 1,000,000;0,00 USD;0%;;;;26;0;622;0
23380;Gyromancer;Square Enix;100,000 .. 200,000;2,39 USD;60%;;;;1;0;459;0
24720;SPORE Galactic Adventures;Electronic Arts;500,000 .. 1,000,000;3,99 USD;80%;;;;212;0;564;0
24740;Burnout Paradise: The Ultimate Box;Electronic Arts;1,000,000 .. 2,000,000;0,00 USD;0%;;;;30;0;332;0
24780;SimCity 4 Deluxe Edition;Electronic Arts;1,000,000 .. 2,000,000;4,99 USD;75%;;;;531;0;370;0
24790;Command & Conquer 3: Tiberium Wars;Electronic Arts;1,000,000 .. 2,000,000;9,88 USD;0%;;;;720;0;2316;78
24800;Command & Conquer: Red Alert 3 - Uprising;Electronic Arts;500,000 .. 1,000,000;9,88 USD;0%;;;;530;0;3810;0
24810;Command & Conquer 3: Kane's Wrath;Electronic Arts;500,000 .. 1,000,000;9,88 USD;0%;;;;524;0;7255;8
24840;Medal of Honor: Airborne;Electronic Arts;500,000 .. 1,000,000;0,00 USD;0%;;;;23;0;197;0
24870;Need for Speed: Shift;Electronic Arts;200,000 .. 500,000;0,00 USD;0%;;;;9;0;249;0
24880;The Saboteur;Electronic Arts;100,000 .. 200,000;4,99 USD;50%;;;;59;0;617;124
24960;Battlefield: Bad Company 2;Electronic Arts;2,000,000 .. 5,000,000;0,00 USD;0%;;;;60;0;1825;14
24980;Mass Effect 2 (2010 Edition);Electronic Arts;1,000,000 .. 2,000,000;0,00 USD;0%;;;;18;0;1928;0
28000;Kane & Lynch 2: Dog Days;Square Enix;500,000 .. 1,000,000;9,99 USD;0%;;;;7;0;175;0
33210;Dawn of Discovery;Ubisoft;100,000 .. 200,000;0,00 USD;0%;;;;8;0;47;0
33220;Tom Clancy's Splinter Cell Conviction;Ubisoft;100,000 .. 200,000;39,99 USD;0%;;;;28;0;647;0
33229;Tom Clancy's Splinter Cell Conviction;Ubisoft;500,000 .. 1,000,000;39,99 USD;0%;;;;0;0;0;0
33230;Assassin's Creed 2;Ubisoft;2,000,000 .. 5,000,000;4,99 USD;75%;;;;988;0;1378;36
33320;Prince of Persia: The Forgotten Sands;Ubisoft;200,000 .. 500,000;1,99 USD;80%;;;;29;0;375;0
33460;From Dust;Ubisoft;200,000 .. 500,000;3,74 USD;75%;;;;20;0;280;0
34600;Order of War;Square Enix;100,000 .. 200,000;1,19 USD;85%;;;;6;0;51;0
35000;Mini Ninjas;Square Enix;200,000 .. 500,000;1,49 USD;85%;;;;23;0;128;0
35070;Flora's Fruit Farm;Square Enix;20,000 .. 50,000;0,95 USD;76%;;;;0;0;10;0
39110;SEASON OF MYSTERY: The Cherry Blossom Murders;Square Enix;50,000 .. 100,000;2,49 USD;50%;;;;1;0;32;0
39140;FINAL FANTASY VII;Square Enix;1,000,000 .. 2,000,000;4,79 USD;60%;;;;714;0;2233;0
39150;FINAL FANTASY VIII;Square Enix;500,000 .. 1,000,000;4,79 USD;60%;;;;127;0;1604;0
39160;Dungeon Siege III;Square Enix;200,000 .. 500,000;2,99 USD;80%;;;;12;0;164;0
39190;Dungeon Siege;Square Enix;500,000 .. 1,000,000;0,97 USD;86%;;;;60;0;211;0
39200;Dungeon Siege II;Square Enix;500,000 .. 1,000,000;0,97 USD;86%;;;;45;0;199;0
39210;FINAL FANTASY XIV Online;Square Enix;2,000,000 .. 5,000,000;19,99 USD;0%;;;;22852;0;54029;1153
40100;Supreme Commander 2;Square Enix;1,000,000 .. 2,000,000;3,24 USD;75%;;;;311;0;1146;0
43000;Front Mission Evolved;Square Enix;200,000 .. 500,000;4,99 USD;50%;;;;2;0;243;0
47700;Command & Conquer 4: Tiberian Twilight;Electronic Arts;200,000 .. 500,000;9,88 USD;0%;;;;54;0;126;0
47730;Dragon Age: Origins Awakening;Electronic Arts;100,000 .. 200,000;5,99 USD;80%;;;;0;0;1;0
47780;Dead Space 2;Electronic Arts;2,000,000 .. 5,000,000;3,99 USD;80%;;;;170;0;341;0
47790;Medal of Honor;Electronic Arts;1,000,000 .. 2,000,000;4,99 USD;75%;;;;77;0;211;0
47810;Dragon Age: Origins - Ultimate Edition;Electronic Arts;1,000,000 .. 2,000,000;5,99 USD;80%;;;;760;0;2389;15
47830;Medal of Honor;Electronic Arts;1,000,000 .. 2,000,000;4,99 USD;75%;;;;1;0;195;0
47870;Need For Speed: Hot Pursuit;Electronic Arts;2,000,000 .. 5,000,000;0,00 USD;0%;;;;41;0;628;136
47880;Battlefield: Bad Company 2 Vietnam;Electronic Arts;50,000 .. 100,000;0,00 USD;0%;;;;0;0;0;0
47890;The Sims 3;Electronic Arts;2,000,000 .. 5,000,000;19,99 USD;0%;;;;1954;0;2998;0
47920;Shift 2 Unleashed;Electronic Arts;100,000 .. 200,000;0,00 USD;0%;;;;8;0;367;0
48110;Silent Hunter 5: Battle of the Atlantic;Ubisoft;100,000 .. 200,000;2,49 USD;75%;;;;11;0;63;0
48190;Assassin’s Creed Brotherhood;Ubisoft;1,000,000 .. 2,000,000;4,99 USD;75%;;;;567;0;1291;0
48220;Might & Magic: Heroes VI;Ubisoft;500,000 .. 1,000,000;2,49 USD;75%;;;;235;0;1128;0
48240;Anno 2070;Ubisoft;500,000 .. 1,000,000;4,99 USD;75%;;;;172;0;2292;0
50000;Nimbus;Electronic Arts;50,000 .. 100,000;2,49 USD;75%;;;;0;0;5;0
61700;Might & Magic: Clash of Heroes;Ubisoft;200,000 .. 500,000;0,00 USD;0%;;;;12;0;734;0
78000;Bejeweled 3;Electronic Arts;500,000 .. 1,000,000;0,99 USD;80%;;;;425;0;2831;97
102500;Kingdoms of Amalur: Reckoning;Electronic Arts;1,000,000 .. 2,000,000;0,00 USD;0%;;;;45;0;1922;0
102850;Warp;Electronic Arts;50,000 .. 100,000;1,99 USD;80%;;;;0;0;344;0
108800;Crysis 2 - Maximum Edition;Electronic Arts;1,000,000 .. 2,000,000;7,49 USD;75%;;;;42;0;487;0
200010;Quantum Conundrum;Square Enix;200,000 .. 500,000;0,98 USD;89%;;;;7;0;260;0
201870;Assassin's Creed Revelations;Ubisoft;1,000,000 .. 2,000,000;5,99 USD;70%;;;;311;0;1158;1
202170;Sleeping Dogs;Square Enix;1,000,000 .. 2,000,000;0,00 USD;0%;;;;26;0;1144;0
202310;Ridge Racer Unbounded;BANDAI NAMCO Entertainment;200,000 .. 500,000;1,99 USD;80%;;;;7;0;36;0
205190;Rocksmith;Ubisoft;200,000 .. 500,000;0,00 USD;0%;;;;3;0;315;0
207490;Rayman Origins;Ubisoft;200,000 .. 500,000;5,99 USD;70%;;;;141;0;466;0
208480;Assassin’s Creed III;Ubisoft;1,000,000 .. 2,000,000;0,00 USD;0%;;;;43;0;2128;0
208500;F1 2012;Electronic Arts;200,000 .. 500,000;0,00 USD;0%;;;;24;0;1321;90
210870;Cloudberry Kingdom;Ubisoft;20,000 .. 50,000;0,00 USD;0%;;;;0;0;65;0
211420;DARK SOULS: Prepare To Die Edition;BANDAI NAMCO Entertainment;2,000,000 .. 5,000,000;0,00 USD;0%;;;;246;0;3544;50
211780;Conflict Desert Storm;Square Enix;200,000 .. 500,000;0,97 USD;86%;;;;10;0;23;0
212410;Inversion;BANDAI NAMCO Entertainment;50,000 .. 100,000;1,49 USD;85%;;;;0;0;83;0
212630;Tom Clancy's Ghost Recon: Future Soldier;Ubisoft;200,000 .. 500,000;4,99 USD;75%;;;;60;0;783;0
213670;South Park: The Stick of Truth;Ubisoft;2,000,000 .. 5,000,000;7,49 USD;75%;;;;945;0;906;825
214250;I Am Alive;Ubisoft;200,000 .. 500,000;3,74 USD;75%;;;;6;0;185;0
220160;Trials Evolution: Gold Edition;Ubisoft;200,000 .. 500,000;4,99 USD;75%;;;;12;0;536;0
220240;Far Cry 3;Ubisoft;2,000,000 .. 5,000,000;4,99 USD;75%;;;;2562;0;1523;436
221680;Rocksmith 2014 Edition REMASTERED LEARN & PLAY;Ubisoft;1,000,000 .. 2,000,000;2,99 USD;70%;;;;951;0;4586;189
225540;Just Cause 3;Square Enix;2,000,000 .. 5,000,000;2,99 USD;85%;;;;1014;0;1596;39
226580;F1 2014;Electronic Arts;500,000 .. 1,000,000;0,00 USD;0%;;;;16;0;685;0
228400;Ace Combat Assault Horizon - Enhanced Edition;BANDAI NAMCO Entertainment;500,000 .. 1,000,000;0,00 USD;0%;;;;4;0;199;0
228760;TrackMania² Canyon;Ubisoft;200,000 .. 500,000;9,99 USD;50%;;;;28;0;749;0
229790;Might & Magic: Heroes VI - Shades of Darkness;Ubisoft;50,000 .. 100,000;0,00 USD;0%;;;;0;0;0;0
229870;ShootMania Storm;Ubisoft;100,000 .. 200,000;4,99 USD;75%;;;;0;0;26;0
232910;TrackMania² Stadium;Ubisoft;500,000 .. 1,000,000;4,99 USD;50%;;;;117;0;1101;0
233270;Far Cry 3 - Blood Dragon;Ubisoft;1,000,000 .. 2,000,000;3,74 USD;75%;;;;115;0;492;0
233290;Murdered: Soul Suspect;Square Enix;1,000,000 .. 2,000,000;1,99 USD;90%;;;;43;0;325;0
234630;Project CARS;Electronic Arts;1,000,000 .. 2,000,000;0,00 USD;0%;;;;55;0;11889;0
234670;NARUTO SHIPPUDEN: Ultimate Ninja STORM 3 Full Burst HD;BANDAI NAMCO Entertainment;500,000 .. 1,000,000;9,99 USD;50%;;;;60;0;854;0
235600;Tom Clancy’s Splinter Cell Blacklist;Ubisoft;1,000,000 .. 2,000,000;7,49 USD;75%;;;;94;0;1306;0
236430;DARK SOULS II;BANDAI NAMCO Entertainment;1,000,000 .. 2,000,000;39,99 USD;0%;;;;236;0;3774;38
236450;PAC-MAN Championship Edition DX+;BANDAI NAMCO Entertainment;200,000 .. 500,000;2,49 USD;75%;;;;15;0;208;0
236470;PAC-MAN MUSEUM;BANDAI NAMCO Entertainment;50,000 .. 100,000;0,00 USD;0%;;;;1;0;0;0
238750;Might & Magic X - Legacy;Ubisoft;200,000 .. 500,000;5,99 USD;80%;;;;61;0;1064;0
239120;Final Fantasy III (3D Remake);Square Enix;500,000 .. 1,000,000;6,39 USD;60%;;;;65;0;416;0
239720;PAC-MAN and the Ghostly Adventures;BANDAI NAMCO Entertainment;0 .. 20,000;0,00 USD;0%;;;;0;0;0;0
241560;The Crew;Ubisoft;500,000 .. 1,000,000;0,00 USD;0%;;;;1;0;24762;0
242050;Assassin’s Creed IV Black Flag;Ubisoft;5,000,000 .. 10,000,000;11,99 USD;70%;;;;2335;0;2146;1662
242550;Rayman Legends;Ubisoft;500,000 .. 1,000,000;5,99 USD;80%;;;;289;0;515;265
242940;Anachronox;Square Enix;200,000 .. 500,000;0,97 USD;86%;;;;1;0;1376;0
242980;Daikatana;Square Enix;200,000 .. 500,000;0,97 USD;86%;;;;4;0;60;0
243000;Omikron: The Nomad Soul;Square Enix;100,000 .. 200,000;1,49 USD;85%;;;;0;0;46;0
243020;Pandemonium;Square Enix;50,000 .. 100,000;0,97 USD;86%;;;;0;0;0;0
243360;TrackMania² Valley;Ubisoft;50,000 .. 100,000;9,99 USD;50%;;;;12;0;108;0
243470;Watch_Dogs;Ubisoft;1,000,000 .. 2,000,000;4,99 USD;75%;;;;830;0;1297;0
245010;Deathtrap Dungeon;Square Enix;20,000 .. 50,000;0,97 USD;86%;;;;0;0;0;0
245280;ENSLAVED: Odyssey to the West Premium Edition;BANDAI NAMCO Entertainment;500,000 .. 1,000,000;2,99 USD;85%;;;;24;0;559;0
245490;Trials Fusion;Ubisoft;200,000 .. 500,000;4,99 USD;75%;;;;26;0;16770;0
245730;Flashback;Ubisoft;50,000 .. 100,000;2,49 USD;75%;;;;2;0;156;0
256290;Child of Light;Ubisoft;500,000 .. 1,000,000;4,49 USD;70%;;;;24;0;635;0
259080;Just Cause 2: Multiplayer Mod;Square Enix;2,000,000 .. 5,000,000;0,00 USD;0%;;;;19;0;384;0
260210;Assassin’s Creed Liberation HD;Ubisoft;200,000 .. 500,000;4,99 USD;75%;;;;25;0;480;0
260230;Valiant Hearts: The Great War / Soldats Inconnus : Mémoires de la Grande Guerre;Ubisoft;500,000 .. 1,000,000;3,74 USD;75%;;;;76;0;301;369
264540;Platformines;BANDAI NAMCO Entertainment;50,000 .. 100,000;0,99 USD;0%;;;;1;0;116;0
272510;NARUTO SHIPPUDEN: Ultimate Ninja STORM Revolution;BANDAI NAMCO Entertainment;500,000 .. 1,000,000;14,99 USD;50%;;;;28;0;757;0
277590;Assassin's Creed Freedom Cry;Ubisoft;500,000 .. 1,000,000;3,74 USD;75%;;;;34;0;500;0
287260;Toybox Turbos;Electronic Arts;100,000 .. 200,000;0,00 USD;0%;;;;3;0;170;0
289650;Assassin's Creed Unity;Ubisoft;2,000,000 .. 5,000,000;7,49 USD;75%;;;;1492;0;1243;1204
291410;Duelyst;BANDAI NAMCO Entertainment;500,000 .. 1,000,000;0,00 USD;0%;;;;2;0;349;0
291550;Brawlhalla;Ubisoft;20,000,000 .. 50,000,000;0,00 USD;0%;;;;15819;0;2294;217
292120;FINAL FANTASY XIII;Square Enix;1,000,000 .. 2,000,000;6,39 USD;60%;;;;450;0;1190;0
292140;FINAL FANTASY XIII-2;Square Enix;200,000 .. 500,000;7,99 USD;60%;;;;99;0;878;0
297000;Heroes of Might & Magic III - HD Edition;Ubisoft;1,000,000 .. 2,000,000;3,74 USD;75%;;;;2318;0;1250;3
298110;Far Cry 4;Ubisoft;2,000,000 .. 5,000,000;5,99 USD;80%;;;;2506;0;1472;55
299950;GET EVEN;BANDAI NAMCO Entertainment;50,000 .. 100,000;4,49 USD;85%;;;;3;0;641;0
304390;FOR HONOR;Ubisoft;5,000,000 .. 10,000,000;4,49 USD;85%;;;;5731;0;3337;399
306670;Overlord: Fellowship of Evil;Electronic Arts;100,000 .. 200,000;1,99 USD;80%;;;;2;0;43;0
307690;Sleeping Dogs: Definitive Edition;Square Enix;2,000,000 .. 5,000,000;2,99 USD;85%;;;;744;0;834;0
308060;Black The Fall;Square Enix;200,000 .. 500,000;3,74 USD;75%;;;;1;0;118;0
310560;DiRT Rally;Electronic Arts;2,000,000 .. 5,000,000;0,00 USD;0%;;;;134;0;2485;62
311560;Assassin’s Creed Rogue;Ubisoft;1,000,000 .. 2,000,000;5,99 USD;70%;;;;472;0;1111;0
312750;Final Fantasy IV (3D Remake);Square Enix;200,000 .. 500,000;6,39 USD;60%;;;;71;0;499;0
314070;Super Mega Baseball: Extra Innings;Electronic Arts;100,000 .. 200,000;12,99 USD;0%;;;;5;0;391;0
316240;Professional Lumberjack 2015;BANDAI NAMCO Entertainment;100,000 .. 200,000;19,99 USD;0%;;;;1;0;3;0
316750;Tetris Ultimate;Ubisoft;50,000 .. 100,000;0,00 USD;0%;;;;0;0;272;0
319630;Life is Strange - Episode 1;Square Enix;5,000,000 .. 10,000,000;0,00 USD;0%;;;;449;0;534;45
321960;Might & Magic Heroes VII;Ubisoft;500,000 .. 1,000,000;7,49 USD;75%;;;;433;0;536;0
323320;Grow Home;Ubisoft;200,000 .. 500,000;1,99 USD;75%;;;;11;0;615;0
323470;DRAGON BALL XENOVERSE;BANDAI NAMCO Entertainment;1,000,000 .. 2,000,000;3,99 USD;90%;;;;153;0;1661;0
331600;One Piece Pirate Warriors 3;BANDAI NAMCO Entertainment;500,000 .. 1,000,000;3,99 USD;90%;;;;53;0;828;0
335300;DARK SOULS II: Scholar of the First Sin;BANDAI NAMCO Entertainment;2,000,000 .. 5,000,000;39,99 USD;0%;;;;2561;0;4021;766
336510;Anno Online;Ubisoft;200,000 .. 500,000;0,00 USD;0%;;;;1;0;128;0
336520;Might & Magic Heroes Online;Ubisoft;200,000 .. 500,000;0,00 USD;0%;;;;0;0;61;0
339230;ZOMBI;Ubisoft;200,000 .. 500,000;4,99 USD;75%;;;;14;0;247;0
340170;FINAL FANTASY TYPE-0 HD;Square Enix;200,000 .. 500,000;11,99 USD;60%;;;;14;0;621;0
345350;LIGHTNING RETURNS: FINAL FANTASY XIII;Square Enix;200,000 .. 500,000;7,99 USD;60%;;;;71;0;484;0
346830;FINAL FANTASY IV: THE AFTER YEARS;Square Enix;50,000 .. 100,000;6,39 USD;60%;;;;19;0;2117;0
348710;Saint Seiya: Soldiers' Soul;BANDAI NAMCO Entertainment;50,000 .. 100,000;0,00 USD;0%;;;;2;0;621;439
349040;NARUTO SHIPPUDEN: Ultimate Ninja STORM 4;BANDAI NAMCO Entertainment;2,000,000 .. 5,000,000;9,99 USD;50%;;;;730;0;918;90
351970;Tales of Zestiria;BANDAI NAMCO Entertainment;500,000 .. 1,000,000;19,99 USD;60%;;;;46;0;1744;15
354380;Assassin’s Creed Chronicles: China;Ubisoft;200,000 .. 500,000;2,99 USD;70%;;;;16;0;2881;386
354640;The Settlers Online;Ubisoft;200,000 .. 500,000;0,00 USD;0%;;;;0;0;8;0
359550;Tom Clancy's Rainbow Six Siege;Ubisoft;20,000,000 .. 50,000,000;3,99 USD;80%;;;;133132;0;14815;604
359600;Assassin’s Creed Chronicles: Russia;Ubisoft;100,000 .. 200,000;2,99 USD;70%;;;;2;0;2058;0
359610;Assassin’s Creed Chronicles: India;Ubisoft;200,000 .. 500,000;2,99 USD;70%;;;;5;0;1114;174
359870;FINAL FANTASY X/X-2 HD Remaster;Square Enix;500,000 .. 1,000,000;11,99 USD;60%;;;;1014;0;2300;0
365590;Tom Clancy’s The Division;Ubisoft;5,000,000 .. 10,000,000;4,49 USD;85%;;;;1579;0;7704;1149
368500;Assassin's Creed Syndicate;Ubisoft;2,000,000 .. 5,000,000;7,49 USD;75%;;;;526;0;1687;0
371660;Far Cry Primal;Ubisoft;1,000,000 .. 2,000,000;7,49 USD;75%;;;;1110;0;959;166
372360;Tales of Symphonia;BANDAI NAMCO Entertainment;500,000 .. 1,000,000;4,99 USD;75%;;;;79;0;1329;0
374320;DARK SOULS III;BANDAI NAMCO Entertainment;5,000,000 .. 10,000,000;59,99 USD;0%;;;;7656;0;5472;337
375900;Trackmania Turbo;Ubisoft;100,000 .. 200,000;15,99 USD;60%;;;;26;0;344;0
375910;Anno 2205;Ubisoft;1,000,000 .. 2,000,000;5,99 USD;85%;;;;227;0;1481;0
377840;FINAL FANTASY IX;Square Enix;1,000,000 .. 2,000,000;8,39 USD;60%;;;;506;0;2618;0
378860;Project CARS 2;BANDAI NAMCO Entertainment;1,000,000 .. 2,000,000;0,00 USD;0%;;;;245;0;2533;0
382890;FINAL FANTASY V;Square Enix;100,000 .. 200,000;0,00 USD;0%;;;;10;0;382;0
382900;FINAL FANTASY VI;Square Enix;200,000 .. 500,000;0,00 USD;0%;;;;18;0;604;0
389730;TEKKEN 7;BANDAI NAMCO Entertainment;2,000,000 .. 5,000,000;39,99 USD;0%;;;;604;0;2569;44
391040;F1 2016;Electronic Arts;200,000 .. 500,000;0,00 USD;0%;;;;11;0;1265;0
394160;ARCADE GAME SERIES: PAC-MAN;BANDAI NAMCO Entertainment;100,000 .. 200,000;1,99 USD;50%;;;;12;0;88;0
403400;ARCADE GAME SERIES: DIG DUG;BANDAI NAMCO Entertainment;100,000 .. 200,000;1,99 USD;50%;;;;1;0;5;0
403410;ARCADE GAME SERIES: Ms. PAC-MAN;BANDAI NAMCO Entertainment;20,000 .. 50,000;1,99 USD;50%;;;;8;0;17;0
403430;ARCADE GAME SERIES: GALAGA;BANDAI NAMCO Entertainment;100,000 .. 200,000;1,99 USD;50%;;;;11;0;54;0
408250;Eagle Flight;Ubisoft;20,000 .. 50,000;4,99 USD;75%;;;;0;0;0;0
410850;DRAGON QUEST HEROES Slime Edition;Square Enix;100,000 .. 200,000;39,99 USD;0%;;;;4;0;1709;0
414870;Super Mega Baseball 2;Electronic Arts;100,000 .. 200,000;0,00 USD;0%;;;;3;0;116;0
421020;DiRT 4;Electronic Arts;500,000 .. 1,000,000;0,00 USD;0%;;;;58;0;651;0
424840;Little Nightmares;BANDAI NAMCO Entertainment;2,000,000 .. 5,000,000;4,99 USD;75%;;;;815;0;204;0
425220;One Piece Burning Blood;BANDAI NAMCO Entertainment;100,000 .. 200,000;4,99 USD;90%;;;;26;0;546;0
426790;Grow Up;Ubisoft;100,000 .. 200,000;2,49 USD;75%;;;;6;0;276;0
429180;Project CARS - Pagani Edition;BANDAI NAMCO Entertainment;200,000 .. 500,000;0,00 USD;0%;;;;1;0;34;0
429660;Tales of Berseria;BANDAI NAMCO Entertainment;1,000,000 .. 2,000,000;49,99 USD;0%;;;;142;0;1531;0
435480;Trials of the Blood Dragon;Ubisoft;100,000 .. 200,000;3,74 USD;75%;;;;0;0;1052;0
436290;Children of Zodiarcs;Square Enix;50,000 .. 100,000;4,49 USD;75%;;;;0;0;121;0
438490;GOD EATER 2 Rage Burst;BANDAI NAMCO Entertainment;200,000 .. 500,000;4,99 USD;90%;;;;45;0;459;0
441380;PAC-MAN CHAMPIONSHIP EDITION 2;BANDAI NAMCO Entertainment;200,000 .. 500,000;2,59 USD;80%;;;;10;0;752;56
441830;I am Setsuna;Square Enix;50,000 .. 100,000;11,99 USD;70%;;;;7;0;757;0
445310;Might and Magic: Heroes VII – Trial by Fire;Ubisoft;20,000 .. 50,000;7,49 USD;75%;;;;186;0;829;0
446560;Just Dance 2017;Ubisoft;50,000 .. 100,000;0,00 USD;0%;;;;2;0;472;0
447040;Watch_Dogs 2;Ubisoft;2,000,000 .. 5,000,000;5,99 USD;90%;;;;1317;0;4364;1
454650;DRAGON BALL XENOVERSE 2;BANDAI NAMCO Entertainment;2,000,000 .. 5,000,000;9,99 USD;50%;;;;939;0;3879;0
455400;PAC-MAN 256;BANDAI NAMCO Entertainment;100,000 .. 200,000;2,49 USD;50%;;;;6;0;215;0
460920;Steep;Ubisoft;1,000,000 .. 2,000,000;4,49 USD;85%;;;;710;0;982;155
460930;Tom Clancy's Ghost Recon Wildlands;Ubisoft;2,000,000 .. 5,000,000;9,99 USD;80%;;;;2781;0;3742;111
468000;Impact Winter;BANDAI NAMCO Entertainment;20,000 .. 50,000;0,00 USD;0%;;;;0;0;0;0
470220;UNO;Ubisoft;2,000,000 .. 5,000,000;2,99 USD;70%;;;;953;0;384;32
488790;South Park: The Fractured But Whole;Ubisoft;1,000,000 .. 2,000,000;5,99 USD;80%;;;;1007;0;968;341
495140;NARUTO: Ultimate Ninja STORM;BANDAI NAMCO Entertainment;200,000 .. 500,000;9,99 USD;50%;;;;79;0;588;0
502500;ACE COMBAT 7: SKIES UNKNOWN;BANDAI NAMCO Entertainment;2,000,000 .. 5,000,000;9,59 USD;84%;;;;740;0;1144;18
515220;F1 2017;Electronic Arts;200,000 .. 500,000;0,00 USD;0%;;;;29;0;1589;0
517630;Just Cause 4 Reloaded;Square Enix;1,000,000 .. 2,000,000;69,03 USD;0%;;;;414;0;718;0
522740;Oh My Godheads;Square Enix;0 .. 20,000;2,99 USD;80%;;;;0;0;0;0
524220;NieR:Automata;Square Enix;2,000,000 .. 5,000,000;15,99 USD;60%;;;;1295;0;1529;70
525480;.hack//G.U. Last Recode;BANDAI NAMCO Entertainment;200,000 .. 500,000;4,99 USD;90%;;;;74;0;1152;0
527100;Star Trek: Bridge Crew;Ubisoft;200,000 .. 500,000;9,99 USD;60%;;;;25;0;562;0
532210;Life is Strange 2;Square Enix;10,000,000 .. 20,000,000;31,96 USD;0%;;;;375;0;965;0
535850;Micro Machines World Series;Electronic Arts;50,000 .. 100,000;0,00 USD;0%;;;;0;0;46;0
536930;MOBIUS FINAL FANTASY;Square Enix;500,000 .. 1,000,000;0,00 USD;0%;;;;1;0;3406;0
543870;NARUTO SHIPPUDEN: Ultimate Ninja STORM 2;BANDAI NAMCO Entertainment;50,000 .. 100,000;9,99 USD;50%;;;;52;0;276;0
544750;SOULCALIBUR VI;BANDAI NAMCO Entertainment;1,000,000 .. 2,000,000;5,99 USD;90%;;;;226;0;1800;0
551170;Onmyoji;NetEase Games Global;500,000 .. 1,000,000;0,00 USD;0%;;;;513;0;15153;0
552520;Far Cry 5;Ubisoft;2,000,000 .. 5,000,000;5,99 USD;90%;;;;10285;0;2214;434
552700;WORLD OF FINAL FANTASY;Square Enix;100,000 .. 200,000;9,99 USD;60%;;;;33;0;468;0
554620;Life is Strange: Before the Storm;Square Enix;1,000,000 .. 2,000,000;16,99 USD;0%;;;;68;0;819;0
562810;MONOPOLY PLUS;Ubisoft;500,000 .. 1,000,000;0,00 USD;0%;;;;123;0;427;92
570940;DARK SOULS: REMASTERED;BANDAI NAMCO Entertainment;2,000,000 .. 5,000,000;39,99 USD;0%;;;;3552;0;2840;179
574050;DRAGON QUEST HEROES II;Square Enix;50,000 .. 100,000;59,99 USD;0%;;;;7;0;416;0
582160;Assassin's Creed Origins;Ubisoft;2,000,000 .. 5,000,000;8,99 USD;85%;;;;3644;0;2523;183
589360;Ni no Kuni II: Revenant Kingdom;BANDAI NAMCO Entertainment;500,000 .. 1,000,000;9,59 USD;84%;;;;102;0;1751;0
595520;FINAL FANTASY XII THE ZODIAC AGE;Square Enix;1,000,000 .. 2,000,000;19,99 USD;60%;;;;436;0;2553;0
600720;Trackmania² Lagoon;Ubisoft;50,000 .. 100,000;9,99 USD;50%;;;;3;0;1556;0
606370;Romancing SaGa 2;Square Enix;20,000 .. 50,000;7,49 USD;70%;;;;5;0;18;0
607880;Accel World VS. Sword Art Online Deluxe Edition;BANDAI NAMCO Entertainment;50,000 .. 100,000;4,99 USD;90%;;;;9;0;81;0
607890;Sword Art Online: Hollow Realization Deluxe Edition;BANDAI NAMCO Entertainment;200,000 .. 500,000;7,49 USD;85%;;;;36;0;782;0
609150;STAR OCEAN - THE LAST HOPE - 4K & Full HD Remaster;Square Enix;50,000 .. 100,000;6,29 USD;70%;;;;27;0;874;0
613830;CHRONO TRIGGER;Square Enix;500,000 .. 1,000,000;3,74 USD;75%;;;;823;0;1718;0
614090;Deadbeat Heroes;Square Enix;50,000 .. 100,000;4,49 USD;70%;;;;0;0;0;0
619880;ATOMEGA;Ubisoft;50,000 .. 100,000;2,49 USD;75%;;;;6;0;14;0
619910;Just Cause 3: Multiplayer Mod;Square Enix;500,000 .. 1,000,000;0,00 USD;0%;;;;5;0;84;41
626690;Sword Art Online: Fatal Bullet;BANDAI NAMCO Entertainment;1,000,000 .. 2,000,000;5,99 USD;85%;;;;99;0;1068;0
633230;NARUTO TO BORUTO: SHINOBI STRIKER;BANDAI NAMCO Entertainment;2,000,000 .. 5,000,000;4,99 USD;75%;;;;451;0;1317;0
637650;FINAL FANTASY XV WINDOWS EDITION;Square Enix;2,000,000 .. 5,000,000;13,99 USD;60%;;;;683;0;2848;343
637670;Secret of Mana;Square Enix;200,000 .. 500,000;15,99 USD;60%;;;;41;0;674;0
638650;Sword Art Online Re: Hollow Fragment;BANDAI NAMCO Entertainment;100,000 .. 200,000;4,99 USD;75%;;;;19;0;819;0
641080;Trials Rising;Ubisoft;500,000 .. 1,000,000;3,99 USD;80%;;;;69;0;320;0
646910;The Crew 2;Ubisoft;2,000,000 .. 5,000,000;8,99 USD;70%;;;;1579;0;2355;18
647570;Transference;Ubisoft;0 .. 20,000;4,99 USD;80%;;;;1;0;0;0
647590;Space Junkies;Ubisoft;20,000 .. 50,000;0,00 USD;0%;;;;0;0;0;0
647590;Space Junkies;Ubisoft;20,000 .. 50,000;0,00 USD;0%;;;;0;0;0;0
648600;FINAL FANTASY XV WINDOWS EDITION MOD ORGANIZER;Square Enix;50,000 .. 100,000;0,00 USD;0%;;;;0;0;0;0
678950;DRAGON BALL FighterZ;BANDAI NAMCO Entertainment;2,000,000 .. 5,000,000;9,59 USD;84%;;;;765;0;930;24
678960;CODE VEIN;BANDAI NAMCO Entertainment;1,000,000 .. 2,000,000;8,99 USD;85%;;;;474;0;1382;632
680420;OUTRIDERS;Square Enix;2,000,000 .. 5,000,000;9,99 USD;50%;;;;336;0;3038;0
686720;SaGa SCARLET GRACE: AMBITIONS;Square Enix;20,000 .. 50,000;8,99 USD;70%;;;;9;0;0;0
687260;Tokyo Dark;Square Enix;100,000 .. 200,000;4,49 USD;75%;;;;1;0;140;0
690790;DiRT Rally 2.0;Electronic Arts;1,000,000 .. 2,000,000;3,99 USD;80%;;;;1569;0;747;106
703860;GRID;Electronic Arts;200,000 .. 500,000;0,00 USD;0%;;;;34;0;172;0
710470;Little Witch Academia: Chamber of Time;BANDAI NAMCO Entertainment;50,000 .. 100,000;13,99 USD;65%;;;;3;0;160;0
714080;BLACK CLOVER: QUARTET KNIGHTS;BANDAI NAMCO Entertainment;20,000 .. 50,000;4,99 USD;90%;;;;3;0;36;0
714370;LEFT ALIVE;Square Enix;20,000 .. 50,000;5,99 USD;90%;;;;1;0;131;0
722560;RAD;BANDAI NAMCO Entertainment;50,000 .. 100,000;4,99 USD;75%;;;;4;0;30;0
728530;SD GUNDAM G GENERATION CROSS RAYS;BANDAI NAMCO Entertainment;500,000 .. 1,000,000;19,99 USD;50%;;;;351;0;2233;0
735580;11-11 Memories Retold;BANDAI NAMCO Entertainment;100,000 .. 200,000;4,49 USD;85%;;;;4;0;201;0
737800;F1 2018;Electronic Arts;500,000 .. 1,000,000;0,00 USD;0%;;;;106;0;1911;118
738540;Tales of Vesperia: Definitive Edition;BANDAI NAMCO Entertainment;200,000 .. 500,000;9,99 USD;80%;;;;119;0;1747;0
740130;Tales of Arise;BANDAI NAMCO Entertainment;2,000,000 .. 5,000,000;19,99 USD;50%;;;;352;0;2002;67
742120;DRAGON QUEST XI: Echoes of an Elusive Age - Digital Edition of Light;Square Enix;200,000 .. 500,000;0,00 USD;0%;;;;52;0;2555;0
748360;MY HERO ONE'S JUSTICE;BANDAI NAMCO Entertainment;100,000 .. 200,000;4,99 USD;75%;;;;5;0;342;0
755500;ONE PIECE World Seeker;BANDAI NAMCO Entertainment;100,000 .. 200,000;5,99 USD;90%;;;;54;0;251;0
756530;TOKYO GHOUL:re [CALL to EXIST];BANDAI NAMCO Entertainment;20,000 .. 50,000;5,99 USD;90%;;;;22;0;206;0
775500;SCARLET NEXUS;BANDAI NAMCO Entertainment;1,000,000 .. 2,000,000;9,59 USD;84%;;;;98;0;841;0
788260;Rules Of Survival;NetEase Games Global;200,000 .. 500,000;0,00 USD;0%;;;;0;0;337;0
790540;THE QUIET MAN;Square Enix;20,000 .. 50,000;2,99 USD;80%;;;;3;0;0;0
798460;Ni no Kuni Wrath of the White Witch Remastered;BANDAI NAMCO Entertainment;100,000 .. 200,000;7,49 USD;85%;;;;128;0;622;321
812140;Assassin's Creed Odyssey;Ubisoft;2,000,000 .. 5,000,000;11,99 USD;80%;;;;7595;0;4709;720
814000;ONE PIECE ODYSSEY;BANDAI NAMCO Entertainment;100,000 .. 200,000;39,99 USD;0%;;;;34;0;2058;0
816020;JUMP FORCE;BANDAI NAMCO Entertainment;1,000,000 .. 2,000,000;0,00 USD;0%;;;;19;0;482;0
824550;SD GUNDAM BATTLE ALLIANCE;BANDAI NAMCO Entertainment;500,000 .. 1,000,000;19,79 USD;67%;;;;48;0;2029;0
840720;Sword Art Online: Lost Song;BANDAI NAMCO Entertainment;100,000 .. 200,000;4,99 USD;75%;;;;7;0;2851;0
845070;The Awesome Adventures of Captain Spirit;Square Enix;2,000,000 .. 5,000,000;0,00 USD;0%;;;;24;0;79;0
848350;Katamari Damacy REROLL;BANDAI NAMCO Entertainment;200,000 .. 500,000;7,49 USD;75%;;;;51;0;211;0
851850;DRAGON BALL Z: KAKAROT;BANDAI NAMCO Entertainment;1,000,000 .. 2,000,000;14,99 USD;75%;;;;772;0;1797;242
860510;Little Nightmares II;BANDAI NAMCO Entertainment;1,000,000 .. 2,000,000;9,89 USD;67%;;;;1143;0;301;0
871980;Digimon Survive;BANDAI NAMCO Entertainment;100,000 .. 200,000;14,99 USD;75%;;;;67;0;1334;0
889750;BABYLON'S FALL;Square Enix;50,000 .. 100,000;0,00 USD;0%;;;;0;0;0;0
893520;Creative Destruction;NetEase Games Global;2,000,000 .. 5,000,000;0,00 USD;0%;;;;0;0;807;0
898750;Super Robot Wars 30;BANDAI NAMCO Entertainment;500,000 .. 1,000,000;19,79 USD;67%;;;;329;0;3025;0
899440;GOD EATER 3;BANDAI NAMCO Entertainment;1,000,000 .. 2,000,000;5,99 USD;90%;;;;152;0;475;0
911400;Assassin's Creed III Remastered;Ubisoft;1,000,000 .. 2,000,000;9,99 USD;75%;;;;670;0;779;1
916440;Anno 1800;Ubisoft;500,000 .. 1,000,000;5,99 USD;90%;;;;16225;0;2727;493
921570;OCTOPATH TRAVELER;Square Enix;500,000 .. 1,000,000;23,99 USD;60%;;;;375;0;984;410
921590;DISSIDIA FINAL FANTASY NT Free Edition;Square Enix;500,000 .. 1,000,000;0,00 USD;0%;;;;18;0;631;0
924980;Trials of Mana;Square Enix;200,000 .. 500,000;19,99 USD;60%;;;;38;0;916;0
925930;Myst III: Exile;Electronic Arts;100,000 .. 200,000;5,99 USD;60%;;;;5;0;410;0
928600;F1 2019;Electronic Arts;500,000 .. 1,000,000;0,00 USD;0%;;;;82;0;2449;0
936790;Life is Strange: True Colors;Square Enix;500,000 .. 1,000,000;17,99 USD;70%;;;;115;0;559;0
939850;The Dark Pictures Anthology: Man of Medan;BANDAI NAMCO Entertainment;500,000 .. 1,000,000;19,99 USD;0%;;;;92;0;444;0
939960;Far Cry New Dawn;Ubisoft;1,000,000 .. 2,000,000;3,99 USD;90%;;;;1627;0;1139;794
943150;Nostos;NetEase Games Global;50,000 .. 100,000;0,00 USD;0%;;;;0;0;19;0
950050;Starlink: Battle for Atlas;Ubisoft;50,000 .. 100,000;7,49 USD;75%;;;;4;0;0;0
952540;Romancing SaGa 3;Square Enix;50,000 .. 100,000;8,69 USD;70%;;;;44;0;0;0
958400;Project CARS 3;BANDAI NAMCO Entertainment;200,000 .. 500,000;59,99 USD;0%;;;;40;0;121;0
965230;DORAEMON  STORY OF SEASONS;BANDAI NAMCO Entertainment;100,000 .. 200,000;24,99 USD;50%;;;;9;0;105;0
965300;The Settlers : Heritage of Kings - History Edition;Ubisoft;100,000 .. 200,000;5,99 USD;50%;;;;67;0;490;0
965310;The Settlers : Rise of an Empire - History Edition;Ubisoft;50,000 .. 100,000;4,79 USD;60%;;;;61;0;728;0
965320;The Settlers 7 : History Edition;Ubisoft;50,000 .. 100,000;5,99 USD;60%;;;;62;0;60;0
987720;ONINAKI;Square Enix;20,000 .. 50,000;0,00 USD;0%;;;;0;0;0;0
988910;Super Mega Baseball 3;Electronic Arts;100,000 .. 200,000;44,99 USD;0%;;;;25;0;205;0
991560;ONE PUNCH MAN: A HERO NOBODY KNOWS;BANDAI NAMCO Entertainment;50,000 .. 100,000;5,99 USD;90%;;;;9;0;868;0
1009290;SWORD ART ONLINE Alicization Lycoris;BANDAI NAMCO Entertainment;200,000 .. 500,000;9,59 USD;84%;;;;38;0;1303;0
1020790;NARUTO X BORUTO Ultimate Ninja STORM CONNECTIONS;BANDAI NAMCO Entertainment;50,000 .. 100,000;35,99 USD;40%;;;;131;0;1003;418
1025500;Age-Old Cities VR;Ubisoft;20,000 .. 50,000;0,00 USD;0%;;;;0;0;0;0
1026680;FINAL FANTASY VIII - REMASTERED;Square Enix;200,000 .. 500,000;7,99 USD;60%;;;;261;0;1929;326
1038250;DIRT 5;Electronic Arts;200,000 .. 500,000;11,99 USD;80%;;;;46;0;115;0
1042550;Digimon Story Cyber Sleuth: Complete Edition;BANDAI NAMCO Entertainment;500,000 .. 1,000,000;9,99 USD;80%;;;;752;0;1905;43
1058450;MY HERO ONE'S JUSTICE 2;BANDAI NAMCO Entertainment;100,000 .. 200,000;4,79 USD;88%;;;;37;0;577;0
1070910;Are you ready for Valve Index?;Ubisoft;200,000 .. 500,000;0,00 USD;0%;;;;11;0;0;0
1072420;DRAGON QUEST BUILDERS 2;Square Enix;200,000 .. 500,000;24,99 USD;50%;;;;373;0;6125;0
1080110;F1 2020;Electronic Arts;1,000,000 .. 2,000,000;0,00 USD;0%;;;;230;0;2484;0
1089090;ONE PIECE: PIRATE WARRIORS 4;BANDAI NAMCO Entertainment;1,000,000 .. 2,000,000;9,99 USD;75%;;;;385;0;1123;0
1113560;NieR Replicant ver.1.22474487139...;Square Enix;500,000 .. 1,000,000;23,99 USD;60%;;;;370;0;1320;0
1113570;Voice of Cards: The Isle Dragon Roars;Square Enix;50,000 .. 100,000;11,99 USD;60%;;;;9;0;961;0
1126750;Mr. DRILLER DrillLand;BANDAI NAMCO Entertainment;20,000 .. 50,000;29,99 USD;0%;;;;4;0;26;0
1133760;CHRONO CROSS: THE RADICAL DREAMERS EDITION;Square Enix;100,000 .. 200,000;7,99 USD;60%;;;;55;0;118;0
1134570;F1 2021;Electronic Arts;1,000,000 .. 2,000,000;0,00 USD;0%;;;;152;0;7006;0
1163550;Captain Tsubasa: Rise of New Champions;BANDAI NAMCO Entertainment;200,000 .. 500,000;9,59 USD;84%;;;;139;0;914;0
1172380;STAR WARS Jedi: Fallen Order;Electronic Arts;2,000,000 .. 5,000,000;3,99 USD;90%;;;;1770;0;1010;36
1172470;Apex Legends;Electronic Arts;50,000,000 .. 100,000,000;0,00 USD;0%;;;;90417;0;10495;753
1173770;FINAL FANTASY;Square Enix;500,000 .. 1,000,000;8,39 USD;30%;;;;168;0;617;0
1173780;FINAL FANTASY II;Square Enix;200,000 .. 500,000;8,39 USD;30%;;;;107;0;1087;0
1173790;FINAL FANTASY III;Square Enix;200,000 .. 500,000;12,59 USD;30%;;;;77;0;822;0
1173800;FINAL FANTASY IV;Square Enix;100,000 .. 200,000;12,59 USD;30%;;;;80;0;679;0
1173810;FINAL FANTASY V;Square Enix;200,000 .. 500,000;12,59 USD;30%;;;;156;0;1593;0
1173820;FINAL FANTASY VI;Square Enix;200,000 .. 500,000;12,59 USD;30%;;;;227;0;1224;0
1175830;Legend of Mana;Square Enix;100,000 .. 200,000;11,99 USD;60%;;;;10;0;859;0
1194630;The Dark Pictures Anthology: Little Hope;BANDAI NAMCO Entertainment;200,000 .. 500,000;19,99 USD;0%;;;;104;0;286;329
1199640;Cave to Kingdom;Ubisoft;200,000 .. 500,000;0,00 USD;0%;;;;0;0;0;0
1203220;NARAKA: BLADEPOINT;NetEase Games Global;20,000,000 .. 50,000,000;0,00 USD;0%;;;;107143;0;11104;1048
1209040;Cyber Hunter;NetEase Games Global;1,000,000 .. 2,000,000;0,00 USD;0%;;;;2;0;960;0
1213210;Command & Conquer Remastered Collection;Electronic Arts;1,000,000 .. 2,000,000;5,99 USD;70%;;;;1499;0;524;12
1222670;The Sims 4;Electronic Arts;10,000,000 .. 20,000,000;0,00 USD;0%;;;;50950;0;1484;403
1222680;Need for Speed Heat;Electronic Arts;2,000,000 .. 5,000,000;3,49 USD;95%;;;;3793;0;889;0
1222690;Dragon Age Inquisition;Electronic Arts;500,000 .. 1,000,000;7,99 USD;80%;;;;963;0;1241;0
1222700;A Way Out;Electronic Arts;2,000,000 .. 5,000,000;4,49 USD;85%;;;;3424;0;330;31
1222730;STAR WARS: Squadrons;Electronic Arts;1,000,000 .. 2,000,000;3,99 USD;90%;;;;118;0;497;0
1225560;Unravel;Electronic Arts;200,000 .. 500,000;3,99 USD;80%;;;;40;0;249;0
1225570;Unravel Two;Electronic Arts;500,000 .. 1,000,000;3,99 USD;80%;;;;372;0;193;0
1225580;Fe;Electronic Arts;50,000 .. 100,000;4,99 USD;75%;;;;1;0;103;0
1225590;Sea of Solitude;Electronic Arts;200,000 .. 500,000;4,99 USD;75%;;;;2;0;0;0
1233550;Rocket Arena;Electronic Arts;100,000 .. 200,000;0,00 USD;0%;;;;0;0;0;0
1233570;Mirror's Edge Catalyst;Electronic Arts;500,000 .. 1,000,000;2,99 USD;85%;;;;84;0;878;0
1237950;STAR WARS Battlefront II;Electronic Arts;1,000,000 .. 2,000,000;7,99 USD;80%;;;;1665;0;1580;94
1237970;Titanfall 2;Electronic Arts;5,000,000 .. 10,000,000;2,99 USD;90%;;;;4228;0;885;634
1237980;STAR WARS Battlefront;Electronic Arts;1,000,000 .. 2,000,000;4,99 USD;75%;;;;68;0;261;306
1238000;Mass Effect: Andromeda Deluxe Edition;Electronic Arts;500,000 .. 1,000,000;5,99 USD;85%;;;;713;0;1581;100
1238020;Mass Effect 3 N7 Digital Deluxe Edition (2012);Electronic Arts;500,000 .. 1,000,000;7,49 USD;75%;;;;88;0;3810;0
1238040;Dragon Age II: Ultimate Edition;Electronic Arts;500,000 .. 1,000,000;5,99 USD;80%;;;;348;0;144;0
1238060;Dead Space 3;Electronic Arts;500,000 .. 1,000,000;3,99 USD;80%;;;;202;0;748;0
1238080;Burnout Paradise Remastered;Electronic Arts;200,000 .. 500,000;3,99 USD;80%;;;;126;0;78;0
1238810;Battlefield V;Electronic Arts;5,000,000 .. 10,000,000;2,49 USD;95%;;;;16413;0;1755;315
1238820;Battlefield 3;Electronic Arts;1,000,000 .. 2,000,000;1,99 USD;95%;;;;504;0;1393;2
1238840;Battlefield 1;Electronic Arts;2,000,000 .. 5,000,000;1,99 USD;95%;;;;18405;0;2176;356
1238860;Battlefield 4;Electronic Arts;1,000,000 .. 2,000,000;1,99 USD;95%;;;;3040;0;1458;84
1238880;Battlefield Hardline;Electronic Arts;200,000 .. 500,000;1,99 USD;95%;;;;126;0;1071;0
1239520;Madden NFL 21;Electronic Arts;200,000 .. 500,000;0,00 USD;0%;;;;28;0;0;0
1245620;ELDEN RING;BANDAI NAMCO Entertainment;20,000,000 .. 50,000,000;35,99 USD;40%;;;;51069;0;8024;659
1262240;Plants vs. Zombies: Battle for Neighborville;Electronic Arts;1,000,000 .. 2,000,000;4,49 USD;85%;;;;337;0;451;0
1262540;Need for Speed;Electronic Arts;1,000,000 .. 2,000,000;2,99 USD;90%;;;;525;0;716;230
1262560;Need for Speed Most Wanted;Electronic Arts;500,000 .. 1,000,000;1,99 USD;90%;;;;547;0;312;163
1262580;Need for Speed Payback;Electronic Arts;1,000,000 .. 2,000,000;4,49 USD;85%;;;;445;0;634;35
1262600;Need for Speed Rivals;Electronic Arts;1,000,000 .. 2,000,000;2,99 USD;85%;;;;120;0;626;0
1265920;Life is Strange Remastered;Square Enix;200,000 .. 500,000;15,99 USD;60%;;;;234;0;754;0
1265930;Life is Strange: Before the Storm Remastered;Square Enix;100,000 .. 200,000;15,99 USD;60%;;;;70;0;635;0
1276760;DRAGON BALL: THE BREAKERS;BANDAI NAMCO Entertainment;200,000 .. 500,000;4,99 USD;75%;;;;237;0;530;0
1281590;The Dark Pictures Anthology: House of Ashes;BANDAI NAMCO Entertainment;500,000 .. 1,000,000;29,99 USD;0%;;;;122;0;601;0
1281630;Anno 1404 - History Edition;Ubisoft;500,000 .. 1,000,000;4,49 USD;70%;;;;595;0;501;35
1282690;Crysis 3;Electronic Arts;500,000 .. 1,000,000;0,00 USD;0%;;;;16;0;597;0
1286830;STAR WARS: The Old Republic;Electronic Arts;5,000,000 .. 10,000,000;0,00 USD;0%;;;;6018;0;1900;47
1290000;PowerWash Simulator;Square Enix;1,000,000 .. 2,000,000;17,49 USD;30%;;;;4117;0;1948;299
1295270;SaGa Frontier Remastered;Square Enix;50,000 .. 100,000;12,49 USD;50%;;;;18;0;2407;0
1295510;DRAGON QUEST XI S: Echoes of an Elusive Age - Definitive Edition;Square Enix;500,000 .. 1,000,000;19,99 USD;50%;;;;650;0;4765;13
1307710;GRID Legends;Electronic Arts;50,000 .. 100,000;11,99 USD;80%;;;;95;0;932;0
1313860;EA SPORTS FIFA 21;Electronic Arts;1,000,000 .. 2,000,000;0,00 USD;0%;;;;184;0;8038;0
1328660;Need for Speed Hot Pursuit Remastered;Electronic Arts;1,000,000 .. 2,000,000;4,79 USD;84%;;;;254;0;499;285
1328670;Mass Effect Legendary Edition;Electronic Arts;1,000,000 .. 2,000,000;5,99 USD;90%;;;;4734;0;2878;154
1341050;BALAN WONDERWORLD;Square Enix;20,000 .. 50,000;5,99 USD;85%;;;;1;0;0;0
1341280;Notre-Dame de Paris: Journey Back in Time;Ubisoft;50,000 .. 100,000;0,00 USD;0%;;;;0;0;6;0
1358700;STRANGER OF PARADISE FINAL FANTASY ORIGIN;Square Enix;100,000 .. 200,000;19,99 USD;50%;;;;90;0;695;0
1372110;JoJo's Bizarre Adventure: All-Star Battle R;BANDAI NAMCO Entertainment;200,000 .. 500,000;9,99 USD;80%;;;;387;0;813;50
1393370;Actraiser Renaissance;Square Enix;20,000 .. 50,000;14,99 USD;50%;;;;7;0;4;0
1399080;The DioField Chronicle;Square Enix;20,000 .. 50,000;23,99 USD;60%;;;;1;0;0;0
1402320;Medal of Honor: Above and Beyond;Electronic Arts;100,000 .. 200,000;19,99 USD;50%;;;;12;0;641;0
1426210;It Takes Two;Electronic Arts;5,000,000 .. 10,000,000;11,99 USD;70%;;;;26229;0;1000;259
1446650;BRAVELY DEFAULT II;Square Enix;50,000 .. 100,000;23,99 USD;60%;;;;63;0;1143;0
1451080;DUNGEON ENCOUNTERS;Square Enix;50,000 .. 100,000;11,99 USD;60%;;;;0;0;0;0
1451090;Tactics Ogre: Reborn;Square Enix;200,000 .. 500,000;24,99 USD;50%;;;;261;0;2039;0
1454890;Titanfall­;Electronic Arts;100,000 .. 200,000;0,00 USD;0%;;;;2;0;71;0
1462040;FINAL FANTASY VII REMAKE INTERGRADE;Square Enix;1,000,000 .. 2,000,000;39,99 USD;0%;;;;2209;0;1412;338
1462570;Lost in Random;Electronic Arts;200,000 .. 500,000;2,99 USD;90%;;;;66;0;102;0
1477940;Unknown 9: Awakening;BANDAI NAMCO Entertainment;20,000 .. 50,000;24,99 USD;50%;;;;7;0;0;0
1487210;Super Mega Baseball 4;Electronic Arts;50,000 .. 100,000;4,99 USD;90%;;;;166;0;794;0
1506830;FIFA 22;Electronic Arts;2,000,000 .. 5,000,000;0,00 USD;0%;;;;1747;0;12178;0
1517290;Battlefield 2042;Electronic Arts;10,000,000 .. 20,000,000;4,79 USD;92%;;;;8923;0;2539;224
1519350;Madden NFL 22;Electronic Arts;200,000 .. 500,000;0,00 USD;0%;;;;52;0;873;0
1530160;Digimon World: Next Order;BANDAI NAMCO Entertainment;20,000 .. 50,000;14,99 USD;75%;;;;256;0;204;0
1566880;SWORD ART ONLINE Last Recollection;BANDAI NAMCO Entertainment;50,000 .. 100,000;19,79 USD;67%;;;;15;0;0;0
1567020;The Dark Pictures Anthology: The Devil in Me;BANDAI NAMCO Entertainment;200,000 .. 500,000;39,99 USD;0%;;;;133;0;521;0
1608070;CRISIS CORE –FINAL FANTASY VII– REUNION;Square Enix;200,000 .. 500,000;24,99 USD;50%;;;;182;0;926;0
1612780;The Centennial Case : A Shijima Story;Square Enix;50,000 .. 100,000;19,99 USD;60%;;;;4;0;8;0
1642620;COLLECTION of SaGa FINAL FANTASY LEGEND;Square Enix;0 .. 20,000;9,99 USD;50%;;;;1;0;37;0
1665130;PAC-MAN MUSEUM+;BANDAI NAMCO Entertainment;100,000 .. 200,000;9,99 USD;50%;;;;8;0;0;0
1672500;GUNDAM BREAKER 4;BANDAI NAMCO Entertainment;200,000 .. 500,000;47,99 USD;20%;;;;249;0;5883;127
1677350;EA SPORTS PGA TOUR;Electronic Arts;200,000 .. 500,000;13,99 USD;80%;;;;253;0;1925;245
1680880;Forspoken;Square Enix;200,000 .. 500,000;20,99 USD;70%;;;;84;0;1834;0
1692250;F1 22;Electronic Arts;500,000 .. 1,000,000;0,00 USD;0%;;;;258;0;3986;0
1693980;Dead Space;Electronic Arts;500,000 .. 1,000,000;14,99 USD;75%;;;;930;0;769;257
1730680;Klonoa Phantasy Reverie Series;BANDAI NAMCO Entertainment;50,000 .. 100,000;9,99 USD;75%;;;;16;0;0;0
1730700;We Love Katamari REROLL+ Royal Reverie;BANDAI NAMCO Entertainment;100,000 .. 200,000;7,49 USD;75%;;;;77;0;501;0
1748660;Voice of Cards: The Forsaken Maiden;Square Enix;20,000 .. 50,000;11,99 USD;60%;;;;1;0;142;0
1760250;Madden NFL 23;Electronic Arts;200,000 .. 500,000;0,00 USD;0%;;;;103;0;1085;0
1774580;STAR WARS Jedi: Survivor;Electronic Arts;500,000 .. 1,000,000;17,49 USD;75%;;;;2351;0;1697;338
1776380;STAR OCEAN THE DIVINE FORCE;Square Enix;100,000 .. 200,000;23,99 USD;60%;;;;21;0;0;0
1778820;TEKKEN 8;BANDAI NAMCO Entertainment;1,000,000 .. 2,000,000;69,99 USD;0%;;;;6166;0;3453;1530
1790600;DRAGON BALL: Sparking! ZERO;BANDAI NAMCO Entertainment;2,000,000 .. 5,000,000;69,99 USD;0%;;;;2074;0;1465;25
1793030;Romancing SaGa -Minstrel Song- Remastered;Square Enix;50,000 .. 100,000;12,49 USD;50%;;;;69;0;0;0
1811260;EA SPORTS FIFA 23;Electronic Arts;5,000,000 .. 10,000,000;0,00 USD;0%;;;;2043;0;11415;74
1812370;Little Goody Two Shoes;Square Enix;50,000 .. 100,000;11,99 USD;40%;;;;35;0;815;0
1816300;HARVESTELLA;Square Enix;100,000 .. 200,000;29,99 USD;50%;;;;68;0;9820;0
1845910;Dragon Age: The Veilguard;Electronic Arts;2,000,000 .. 5,000,000;29,99 USD;50%;;;;3011;0;3333;0
1846380;Need for Speed Unbound;Electronic Arts;1,000,000 .. 2,000,000;4,89 USD;93%;;;;1809;0;2340;17
1849250;EA SPORTS WRC;Electronic Arts;500,000 .. 1,000,000;14,99 USD;70%;;;;725;0;1138;66
1850510;TRIANGLE STRATEGY;Square Enix;50,000 .. 100,000;23,99 USD;60%;;;;163;0;1484;0
1858630;SWORD ART ONLINE Fractured Daydream;BANDAI NAMCO Entertainment;100,000 .. 200,000;39,59 USD;34%;;;;129;0;916;0
1859470;PAC-MAN WORLD Re-PAC;BANDAI NAMCO Entertainment;50,000 .. 100,000;5,99 USD;80%;;;;12;0;245;0
1874000;Life is Strange: Double Exposure;Square Enix;100,000 .. 200,000;29,99 USD;40%;;;;210;0;725;0
1877020;Jujutsu Kaisen Cursed Clash;BANDAI NAMCO Entertainment;50,000 .. 100,000;38,99 USD;35%;;;;38;0;0;0
1888160;ARMORED CORE VI FIRES OF RUBICON;BANDAI NAMCO Entertainment;2,000,000 .. 5,000,000;35,99 USD;40%;;;;1669;0;1910;21
1895810;Infinity Strash: DRAGON QUEST The Adventure of Dai;Square Enix;20,000 .. 50,000;29,99 USD;50%;;;;0;0;0;0
1897050;VARIOUS DAYLIFE;Square Enix;20,000 .. 50,000;11,59 USD;60%;;;;4;0;280;0
1922560;Plants vs. Zombies Garden Warfare 2: Deluxe Edition;Electronic Arts;1,000,000 .. 2,000,000;4,49 USD;85%;;;;1874;0;581;193
1938010;WILD HEARTS;Electronic Arts;200,000 .. 500,000;10,49 USD;85%;;;;101;0;572;0
1963210;VALKYRIE ELYSIUM;Square Enix;20,000 .. 50,000;23,99 USD;60%;;;;9;0;0;0
1971650;OCTOPATH TRAVELER II;Square Enix;200,000 .. 500,000;29,99 USD;50%;;;;757;0;1515;0
1979440;SAND LAND;BANDAI NAMCO Entertainment;20,000 .. 50,000;29,99 USD;50%;;;;50;0;437;0
1996630;Dungeon Keeper Gold;Electronic Arts;50,000 .. 100,000;1,99 USD;60%;;;;21;0;0;0
2009100;Immortals of Aveum;Electronic Arts;200,000 .. 500,000;8,99 USD;85%;;;;57;0;2073;0
2014380;LIVE A LIVE;Square Enix;20,000 .. 50,000;19,99 USD;60%;;;;31;0;955;0
2014380;LIVE A LIVE;Square Enix;20,000 .. 50,000;19,99 USD;60%;;;;31;0;955;0
2106840;PARANORMASIGHT: The Seven Mysteries of Honjo;Square Enix;200,000 .. 500,000;11,99 USD;40%;;;;93;0;625;0
2108330;F1 23;Electronic Arts;1,000,000 .. 2,000,000;69,99 USD;0%;;;;899;0;3361;0
2140330;Madden NFL 24;Electronic Arts;100,000 .. 200,000;0,00 USD;0%;;;;382;0;939;0
2195250;EA SPORTS FC 24;Electronic Arts;5,000,000 .. 10,000,000;69,99 USD;0%;;;;7112;0;7363;73
2203860;Populous;Electronic Arts;100,000 .. 200,000;2,49 USD;50%;;;;1;0;0;0
2204130;Sid Meier's Alpha Centauri Planetary Pack;Electronic Arts;50,000 .. 100,000;2,49 USD;50%;;;;41;0;23;0
2208920;Assassin's Creed Valhalla;Ubisoft;500,000 .. 1,000,000;14,99 USD;75%;;;;4082;0;3959;818
2213190;DEATH NOTE Killer Within;BANDAI NAMCO Entertainment;20,000 .. 50,000;7,49 USD;25%;;;;71;0;118;0
2215260;Scott Pilgrim vs. The World: The Game – Complete Edition;Ubisoft;200,000 .. 500,000;4,94 USD;67%;;;;44;0;67;0
2221490;Tom Clancy’s The Division 2;Ubisoft;500,000 .. 1,000,000;7,49 USD;75%;;;;7391;0;2383;411
2221920;Immortals Fenyx Rising;Ubisoft;200,000 .. 500,000;3,99 USD;90%;;;;780;0;463;443
2231380;Tom Clancy's Ghost Recon Breakpoint;Ubisoft;500,000 .. 1,000,000;5,99 USD;90%;;;;10715;0;1243;115
2238900;STAR OCEAN THE SECOND STORY R;Square Enix;100,000 .. 200,000;29,99 USD;40%;;;;97;0;1002;0
2239550;Watch Dogs: Legion;Ubisoft;200,000 .. 500,000;8,99 USD;85%;;;;440;0;1220;104
2288630;Taiko no Tatsujin: Rhythm Festival;BANDAI NAMCO Entertainment;0 .. 20,000;37,99 USD;24%;;;;119;0;483;1
2290180;Riders Republic;Ubisoft;500,000 .. 1,000,000;7,99 USD;80%;;;;1938;0;249;24
2316580;Tales of Kenzera: ZAU;Electronic Arts;0 .. 20,000;8,99 USD;55%;;;;17;0;171;0
2316580;Tales of Kenzera: ZAU;Electronic Arts;0 .. 20,000;8,99 USD;55%;;;;17;0;171;0
2369390;Far Cry 6;Ubisoft;500,000 .. 1,000,000;14,99 USD;75%;;;;3211;0;2028;936
2379390;Tom Clancy’s Rainbow Six Extraction;Ubisoft;200,000 .. 500,000;9,99 USD;75%;;;;104;0;657;0
2455640;Romancing SaGa 2: Revenge of the Seven;Square Enix;100,000 .. 200,000;34,99 USD;30%;;;;836;0;873;0
2488620;F1 24;Electronic Arts;200,000 .. 500,000;10,49 USD;85%;;;;6203;0;2764;20
2490990;Visions of Mana;Square Enix;100,000 .. 200,000;38,99 USD;35%;;;;110;0;300;0
2515020;FINAL FANTASY XVI;Square Enix;200,000 .. 500,000;32,49 USD;35%;;;;2126;0;3172;1
2552430;KINGDOM HEARTS -HD 1.5+2.5 ReMIX-;Square Enix;500,000 .. 1,000,000;29,99 USD;40%;;;;1408;0;3174;477
2552450;KINGDOM HEARTS III + Re Mind (DLC);Square Enix;20,000 .. 50,000;35,99 USD;40%;;;;271;0;2742;0
2556990;Beyond Good & Evil - 20th Anniversary Edition;Ubisoft;100,000 .. 200,000;13,99 USD;30%;;;;44;0;0;0
2582560;EA SPORTS Madden NFL 25;Electronic Arts;50,000 .. 100,000;13,99 USD;80%;;;;3474;0;1094;0
2616430;Populous: The Beginning;Electronic Arts;50,000 .. 100,000;2,49 USD;50%;;;;11;0;210;0
2616450;Populous II: Trials of the Olympian Gods;Electronic Arts;0 .. 20,000;2,49 USD;50%;;;;1;0;0;0
2616460;Dungeon Keeper 2;Electronic Arts;100,000 .. 200,000;1,99 USD;60%;;;;74;0;0;0
2669320;EA SPORTS FC 25;Electronic Arts;1,000,000 .. 2,000,000;20,99 USD;70%;;;;79330;0;5211;991
2698940;The Crew Motorfest;Ubisoft;100,000 .. 200,000;20,99 USD;70%;;;;1899;0;632;303
2701660;DRAGON QUEST III HD-2D Remake;Square Enix;200,000 .. 500,000;59,99 USD;0%;;;;406;0;1948;0
2717880;The Rogue Prince of Persia;Ubisoft;50,000 .. 100,000;14,99 USD;25%;;;;45;0;323;0
2741560;SimCity 3000 Unlimited;Electronic Arts;50,000 .. 100,000;2,49 USD;50%;;;;50;0;59;0
2750080;The Settlers: New Allies;Ubisoft;20,000 .. 50,000;11,99 USD;70%;;;;103;0;1;0
2751000;Prince of Persia The Lost Crown;Ubisoft;50,000 .. 100,000;19,99 USD;50%;;;;543;0;2718;4677
2840770;Avatar: Frontiers of Pandora;Ubisoft;20,000 .. 50,000;23,09 USD;67%;;;;1561;0;950;68
2840770;Avatar: Frontiers of Pandora;Ubisoft;20,000 .. 50,000;23,09 USD;67%;;;;1561;0;950;68
2842040;Star Wars Outlaws;Ubisoft;20,000 .. 50,000;34,99 USD;50%;;;;1611;0;998;1525
2844850;FANTASIAN Neo Dimension;Square Enix;0 .. 20,000;37,49 USD;25%;;;;52;0;0;0
2853730;Skull and Bones;Ubisoft;50,000 .. 100,000;23,99 USD;40%;;;;175;0;3412;0
3035570;Assassin's Creed Mirage;Ubisoft;100,000 .. 200,000;19,99 USD;60%;;;;1266;0;826;31
